代理IP,延迟时间,是否匿名,HTTP,HTTPS
171.39.24.207:8123,656356,1,1,-1
171.38.37.100:8123,426759,1,1,-1
110.72.44.178:8123,769418,1,1,-1
182.89.5.188:8123,530783,1,1,-1
120.195.196.243:80,950264,1,1,-1
58.49.152.224:8090,854212,1,1,-1
182.89.5.121:8123,390473,1,1,-1
120.195.201.92:80,929202,1,1,-1
182.89.7.62:8123,334946,1,1,-1
120.195.194.201:80,879664,1,1,-1
221.178.181.99:80,970086,1,1,-1
120.195.206.28:80,990401,1,1,-1
124.248.237.250:80,887878,1,1,-1
120.195.193.192:80,951670,1,1,-1
171.36.63.121:8123,671835,1,1,-1
223.149.76.192:8088,233030,1,1,-1
121.31.199.165:8123,538018,1,1,-1
120.195.194.67:80,82366,1,1,-1
120.195.195.220:80,963149,1,1,-1
110.73.49.89:8123,504301,1,1,-1
120.195.193.193:80,46911,1,1,-1
120.195.194.70:80,929914,1,1,-1
182.89.6.5:8123,293086,1,1,-1
120.195.195.35:80,979153,1,1,-1
121.31.156.75:8123,430840,1,1,-1
171.36.63.76:8123,757847,1,1,-1
110.73.9.111:8123,889242,1,1,-1
171.38.157.184:8123,329056,1,1,-1
124.200.181.50:8118,590383,1,1,-1
110.73.0.78:8123,732629,1,1,-1
116.236.196.136:80,490888,1,1,-1
120.195.197.70:80,981582,1,1,-1
110.72.21.72:8123,916467,1,1,-1
120.195.195.96:80,886446,1,1,-1
117.177.250.146:80,712265,1,1,-1
115.218.121.86:9000,168010,1,1,-1
171.37.132.25:8123,512243,1,1,-1
171.38.26.12:8123,43333,1,1,-1
121.31.157.104:8123,21669,1,1,-1
120.195.207.253:80,935589,1,1,-1
171.38.184.167:8123,502183,1,1,-1
120.195.194.16:80,993826,1,1,-1
120.195.194.190:80,998651,1,1,-1
171.37.134.244:8123,468169,1,1,-1
182.89.5.102:8123,982325,1,1,-1
110.72.49.176:8123,642830,1,1,-1
115.46.68.222:8123,758238,1,1,-1
110.73.35.155:8123,903236,1,1,-1